name,gender,email,phone,address
Stanford Trathan,Male,strathan0@gizmodo.com,904-456-7245,7688 Luster Drive
Gran Hammonds,Male,ghammonds1@zdnet.com,853-242-1953,1 Dahle Place
Sylas Emptage,Male,semptage2@redcross.org,387-275-2015,29012 3rd Drive
Cale Shankle,Male,cshankle3@reverbnation.com,805-578-2184,22 Westend Court
Herculie Gethouse,Male,hgethouse4@answers.com,492-917-2325,4 Grayhawk Court
Brittany Learie,Female,blearie5@columbia.edu,323-450-8838,252 Garrison Trail
Romola Keave,Female,rkeave6@intel.com,110-461-3804,40487 Porter Court
Nicola Schukraft,Male,nschukraft7@ustream.tv,512-676-9437,50 Kensington Alley
Theressa Walewicz,Female,twalewicz8@about.com,183-458-2051,5549 Towne Terrace
Nels Rodson,Male,nrodson9@parallels.com,546-622-2226,80587 Morningstar Point
Masha Crew,Female,mcrewa@sohu.com,997-729-6540,73869 Coolidge Drive
Queenie Albisser,Female,qalbisserb@google.nl,553-667-3717,0647 Kennedy Park
Leyla Fawdery,Female,lfawderyc@ftc.gov,573-982-4645,0 Leroy Parkway
Raquela Grisley,Female,rgrisleyd@issuu.com,839-227-4625,38 Huxley Hill
Petunia Macguire,Female,pmacguiree@jimdo.com,625-855-4166,1443 Vera Plaza
Durward Casserly,Male,dcasserlyf@jiathis.com,697-399-6065,7 Nevada Crossing
Shannan Hellyar,Male,shellyarg@hostgator.com,140-620-1362,3 Ohio Circle
Heidi Jenny,Female,hjennyh@webnode.com,686-461-6031,32 Lakeland Way
Carmelle Beldum,Female,cbeldumi@exblog.jp,466-283-8583,9 Anniversary Place
Sinclair Eagle,Male,seaglej@miitbeian.gov.cn,562-561-8951,530 Erie Place
Jackson Hamlington,Male,jhamlingtonk@un.org,770-186-9570,804 Blaine Drive
Brady Trevaskis,Male,btrevaskisl@hhs.gov,464-823-7215,29320 Mockingbird Avenue
Irwin Pearn,Male,ipearnm@issuu.com,970-699-0425,3239 Vermont Point
Julia Meardon,Female,jmeardonn@skyrock.com,385-618-1669,80 Everett Crossing
Huntlee Walcot,Male,hwalcoto@joomla.org,970-432-7115,00308 Park Meadow Trail
Sallie Gres,Female,sgresp@netvibes.com,977-128-9102,6 Kipling Drive
Tamra Scroyton,Female,tscroytonq@nih.gov,862-448-8622,9 Morningstar Parkway
Ximenez Paolazzi,Male,xpaolazzir@adobe.com,289-163-9157,6 Corscot Crossing
Marylou Benet,Female,mbenets@goo.ne.jp,262-118-4658,8 Butternut Alley
Yulma Filisov,Male,yfilisovt@fastcompany.com,761-124-2996,56868 Kingsford Hill
Lin Kaiser,Female,lkaiseru@discuz.net,894-506-1555,46498 Burning Wood Park
Baryram Camois,Male,bcamoisv@ning.com,220-124-4613,18473 Cody Terrace
Elvira Gouly,Female,egoulyw@washingtonpost.com,110-668-9568,515 Lawn Road
Arabelle Franca,Female,afrancax@google.nl,466-626-5651,09 Tennessee Circle
Waiter Antognelli,Male,wantognelliy@jimdo.com,819-599-4571,49762 Bellgrove Pass
Bennie Atkinson,Male,batkinsonz@pcworld.com,602-162-3306,4941 Bayside Street
Slade Searles,Male,ssearles10@spiegel.de,169-402-7620,3912 Summit Hill
Rustie Lawrance,Male,rlawrance11@sakura.ne.jp,357-916-3747,35019 Chive Circle
Cathe O'Cleary,Female,cocleary12@dailymotion.com,405-615-9520,53 Vermont Park
Ellary Byford,Male,ebyford13@dropbox.com,419-859-8870,2 Melby Street
Marleah Haskey,Female,mhaskey14@altervista.org,176-652-9995,84 Mallard Alley
Chrissie Dmisek,Female,cdmisek15@sohu.com,475-590-3479,2 Fairfield Hill
Jimmy Ruprechter,Male,jruprechter16@eventbrite.com,115-437-1909,72085 Stone Corner Avenue
Laurel Burstowe,Female,lburstowe17@friendfeed.com,667-566-9587,7 Toban Avenue
Godart Trustrie,Male,gtrustrie18@angelfire.com,388-646-2188,6704 Nevada Park
Norton Flecknoe,Male,nflecknoe19@ihg.com,749-788-7428,3 Kenwood Junction
Kattie Vaux,Female,kvaux1a@wikia.com,583-717-6849,67 Butterfield Hill
Siward Rook,Male,srook1b@bigcartel.com,922-521-2903,526 Menomonie Alley
Morgen Timmons,Male,mtimmons1c@harvard.edu,219-147-0583,25 American Ash Pass
Abrahan Gofton,Male,agofton1d@yolasite.com,325-292-7648,97 Kingsford Lane
